Luang Por Pasanno,11-15-13,Avoiding the Second Arrow
Ajahn Amaro,11-15-08,The Importance of Koṇḍañña's Insight
Ajahn Yatiko,05-12-12,Refocusing on the Defilements
Luang Por Pasanno,06-28-12,One Breath at a Time
Ajahn Karuṇadhammo,08-19-12,Brightening the Mind
Luang Por Pasanno,10-22-12,The Benefits and Drawbacks of Change
Ajahn Jotipālo,12-08-13,Snow on a Forest Trail
Luang Por Pasanno,05-27-12,The Dhamma of the Buddhas Is Everywhere
Ajahn Yatiko,07-14-13,The Kamma of Listening
Luang Por Pasanno,06-09-12,Supporting Defilements or Supporting Dhamma
Ajahn Amaro,12-01-08,"So What am I, Chopped Liver!?"
Ajahn Karuṇadhammo,06-14-13,Letting Go and Picking Up
Luang Por Pasanno,06-02-12,Enjoying That Enough-ness
Ajahn Yatiko,04-25-12,The Mood Is Not Who You Are
Luang Por Pasanno,04-22-13,Putting the Four Noble Truths Into Action
Ajahn Ñāṇiko,07-25-12,Doing What's Difficult to Do
Luang Por Pasanno,04-14-13,Responding to Wholesome Crowds
Ajahn Karuṇadhammo,05-08-13,Being Willing to Make Mistakes
Ajahn Yatiko,08-16-13,A Foundation of Love and Acceptance
Luang Por Pasanno,07-04-13,Comfortable in Any Circumstance
Ajahn Amaro,08-29-08,The Role of Observance Days
Luang Por Pasanno,04-13-13,Blown Into Cosmic Dust
Ajahn Yatiko,04-16-13,When Generosity Motivates Our Practice
Luang Por Pasanno,05-19-12,Applying a Wholesome Attitude
Ajahn Jotipālo,12-23-12,Not Taking Refuge in the Weather
Luang Por Pasanno,08-16-12,When Help Is Needed
Ajahn Yatiko,07-02-12,Krueng Yoo: The Tool That Sustains Us
Ajahn Karuṇadhammo,12-25-12,Christmas Day: A Bodhisatta of Compassion
Ajahn Amaro,11-14-08,Death and the Nature of Waves
Ajahn Yatiko,05-24-12,Joy: Rising Up and Going Forth
Luang Por Pasanno,08-28-12,Mindfulness With Clarity and Discernment
Ajahn Karuṇadhammo,11-14-13,Eye of the Hurricane
Luang Por Pasanno,08-23-13,Practising What Works
Ajahn Yatiko,07-09-13,Two Kinds of Fools
Luang Por Pasanno,06-30-11,A Day Worthy of Veneration
Ajahn Amaro,11-06-09,Stepping Into the Rain
Luang Por Pasanno,10-20-12,Reframing an Opportunity to Give
Ajahn Yatiko,07-21-12,Your Last Day Alive
Luang Por Pasanno,08-24-12,Desire Creeps In
Ajahn Karuṇadhammo,06-22-13,The Whole of the Holy Life
Luang Por Pasanno,06-11-12,Leave No Trace
Ajahn Amaro,11-17-08,Why Am I Talking?
Ajahn Jotipālo,11-20-12,The Lesser Discourse on the Hole in the Ceiling
Luang Por Pasanno,06-13-13,Slowing Down the Busy Mind
Ajahn Yatiko,11-06-12,Small Choices Lead to Big Decisions
Luang Por Pasanno,06-24-12,I'm a Lot Freer Than You Are
Ajahn Karuṇadhammo,08-29-12,Mindfulness and Concentration
Luang Por Pasanno,11-19-13,Contented With Little
Ajahn Amaro,07-18-05,Exploring Uncertainty in Daily Life
Ajahn Yatiko,09-25-12,Having Faith in the Training
Luang Por Pasanno,07-11-13,Choosing the Pāramīs
Ajahn Karuṇadhammo,11-20-13,Contemplation of the Body
Luang Por Pasanno,04-23-13,This Buddha Isn't the Same as the Old Buddha
Ajahn Yatiko,09-22-12,The Gift of Space
Ajahn Amaro,08-28-08,Pesky Woodpeckers
Luang Por Pasanno,05-15-12,Paying Attention to Details
Ajahn Vīradhammo,10-18-12,"Beautiful Work, Beautiful Mind"
Luang Por Pasanno,06-27-13,Opening or Collapsing to Experience
Ajahn Yatiko,05-16-12,Respecting Others' Boundaries
Ajahn Karuṇadhammo,08-23-12,Where Did It All Go?
Luang Por Pasanno,05-11-13,Nourishing the Spiritual Faculties
Ajahn Amaro,10-21-09,The Real World
Luang Por Pasanno,08-26-13,Developing Respect and Humility
Ajahn Yatiko,06-06-13,Making the Embers Bright Red
Ajahn Jotipālo,09-02-13,This Pūjā May Be My Last
Luang Por Pasanno,08-22-12,Approaching Gorillas
Ajahn Karuṇadhammo,04-06-13,Can't We Always Be on Retreat?
Luang Por Pasanno,11-15-12,Nothing Bad Has Ever Happened to Me
Ajahn Yatiko,07-17-12,Taints to Be Abandoned by Using
Luang Por Pasanno,07-23-11,A Sense of Self
Ajahn Amaro,08-23-08,The Importance of Informal Meditation
Ajahn Yatiko,05-31-13,Like a Snake Shedding Its Skin
Ajahn Karuṇadhammo,06-28-13,Spacious Practice
Luang Por Pasanno,05-22-13,Waiting Patiently Like a Tick
Ajahn Ñāṇiko,04-20-13,Working to Let Go
Luang Por Pasanno,06-13-05,"Centering on a Clear, Still Place"
Ajahn Yatiko,06-26-13,Beginning With Good Habits
Luang Por Pasanno,07-10-05,Work Is Giving
Ajahn Karuṇadhammo,10-30-13,The Power of Speech
Ajahn Amaro,12-22-08,Choosing Contention or Contentment
Luang Por Pasanno,10-10-13,The Paradox of Urgency
Ajahn Yatiko,04-23-13,Tuning Into Your Conscience
Luang Por Pasanno,07-17-13,Putting Our Moods in Their Place
Ajahn Karuṇadhammo,08-05-13,Deconstructing Personas
Ajahn Yatiko,08-01-13,The Triple Gem Is the Middle Way
Luang Por Pasanno,04-09-13,Using the Breath to Balance the Mind
Ajahn Amaro,12-08-08,Noticing When Heat Arises
Luang Por Pasanno,08-12-13,The Mango Picking Pole Is Too Long
Ajahn Yatiko,04-12-13,I Can Hardly Wait
Luang Por Pasanno,06-03-13,Making Uncertainty Clear
Ajahn Karuṇadhammo,11-09-13,A Lifetime of Maintenance
Luang Por Pasanno,07-30-12,An Internal Articulation of Dhamma
Ajahn Jotipālo,07-12-13,The Importance of Worldly Discretion
Ajahn Yatiko,08-08-12,Renunciation: Not a Simple Matter
Luang Por Pasanno,07-06-13,Challenging Our Perceptions of Work
Ajahn Amaro,08-04-05,Seeing Clearly Into the Chain of Causation
Luang Por Pasanno,05-29-05,Loving-Kindness and Living in Harmony
Ajahn Yatiko,07-10-12,Perceiving the Unbeautiful
Ajahn Karuṇadhammo,08-02-13,What Do We Take With Us?
Luang Por Pasanno,07-28-12,Carrying It Around
Ajahn Yatiko,12-16-12,Putting Aside What I Want to Do
Ajahn Jotipālo,05-01-13,Mindfulness Develops Right Speech
Luang Por Pasanno,05-25-12,How Do I Accord With Truth?
Ajahn Karuṇadhammo,12-31-12,Self-Effacement
Ajahn Amaro,09-06-08,Remembering to Loosen Up
Luang Por Pasanno,05-26-13,One Who Sees the Danger in Saṃsāra
Ajahn Yatiko,06-04-13,Happy to Stay at Home
Luang Por Pasanno,10-26-13,The Spider in Its Web
Ajahn Karuṇadhammo,11-07-13,Unplugged Realities
Luang Por Pasanno,11-26-12,Priming the Mind
Ajahn Yatiko,12-11-12,The Reason We're Here
Luang Por Pasanno,05-23-12,Knowing Wholesome and Unwholesome States
Ajahn Amaro,11-10-08,Uncertainty: The Spillway for the Mind
